id_persons,id_students
1,12991
1,12944
1,12938
1,12720
1,12013
1,11842
1,11769
1,11726
1,11661
1,11660
1,11630
1,11629
1,9607
1,9606
1,9605
1,9604
1,9602
1,9600
1,9599
1,9598
1,9597
1,9596
1,9595
1,9594
1,9593
1,9592
1,9591
1,9589
1,9588
1,9587
1,9586
1,9584
1,9002
1,9001
1,8998
1,8831
1,8830
2512,14379
2512,14377
2512,14375
2512,14367
2512,14344
2512,14310
2512,14305
2512,13351
2512,13348
2512,12940
2512,12711
2512,12704
2512,12703
2512,12699
2512,12697
2512,12693
2512,12692
2512,12691
2512,12662
2512,12619
2512,12617
2512,12484
2512,11583
2512,10670
2512,10665
2512,10658
2512,10629
2512,10574
2512,9394
2512,8594
2512,8498
2512,8483
2512,8475
2512,8472
2512,8471
2512,7550
2512,6864
2512,6793
2512,6521
2512,6383
2512,6034
2512,5705
2512,5659
4979,14457
4979,14454
4979,14325
4979,14143
4979,13376
4979,13338
4979,13301
4979,13272
4979,13271
4979,13266
4979,12618
4979,12535
4979,11450
4979,11239
4979,10687
4979,10684
4979,10676
4979,10674
4979,10631
4979,10627
4979,10487
4979,10486
4979,9243
4979,8606
4979,7036
4979,6318
4979,6164
4979,6163
4980,14338
4980,14307
4980,14269
4980,14266
4980,14265
4980,14264
4980,14261
4980,14245
4980,14205
4980,14113
4980,14102
4980,14098
4980,14097
4980,13865
4980,13812
4980,13746
4980,13745
4980,13084
4980,12749
4980,12721
4980,12706
4980,12679
4980,12676
4980,12621
4980,10814
4980,10780
4980,10777
4980,10734
4980,10626
4980,10616
4980,10596
4980,10594
4980,10587
4980,10586
4980,10585
4980,10584
4980,10562
4980,10530
4980,10385
4980,8725
4980,8654
4980,8637
4980,8609
4980,8605
4981,13130
4981,13083
4981,13080
4981,12407
4981,12402
4981,12329
4981,12325
4981,12263
4981,10960
4981,10940
4981,10939
4981,10931
4981,10518
4981,10440
4981,10439
4981,10438
4981,10431
4981,10430
4981,10429
4981,10428
4981,10425
4981,10422
4981,10418
4981,10416
4981,10406
4981,10403
4981,10400
4981,10398
4981,10392
4981,9510
4981,9509
4981,8821
4981,8818
4981,8813
4981,8501
4981,8492
4981,8466
4981,8457
4981,8453
4981,8445
4981,5588
4981,5520
4982,15060
4982,14981
4982,14878
4982,14809
4982,14204
4982,14203
4982,14202
4982,13088
4982,13069
4982,13058
4982,12710
4982,12709
4982,12708
4982,12707
4982,12705
4982,12702
4982,12700
4982,12685
4982,12681
4982,12680
4982,11479
4982,11329
4982,10821
4982,10796
4982,10793
4982,10759
4982,10698
4982,10657
4982,10656
4982,10655
4982,10653
4982,10604
4982,10603
4982,9341
4982,9172
4982,9171
4982,8462
4982,6604
4982,6602
4982,6573
4982,6161
4982,6108
4982,6079
4982,5997
4982,5935
4982,5918
4982,5876
4982,5875
4982,5859
4982,5857
4982,5855
4982,5854
4982,5852
4983,14035
4983,13927
4983,11647
4983,11634
4983,9931
4983,8369
4984,14964
4984,14944
4984,14886
4984,14885
4984,14883
4984,14498
4984,14431
4984,14331
4984,14329
4984,14328
4984,14250
4984,14192
4984,14190
4984,14189
4984,14188
4984,14187
4984,14127
4984,13911
4984,13673
4984,13663
4984,13137
4984,13081
4984,13034
4984,13033
4984,13032
4984,13023
4984,13022
4984,13006
4984,12974
4984,12973
4984,12967
4984,12966
4984,12962
4984,12961
4984,12660
4984,12659
4984,12620
4984,12611
4984,12593
4984,12558
4984,12547
4984,12546
4984,12534
4984,12271
4984,11593
4984,11572
4984,11312
4984,11177
4984,11175
4984,11174
4984,11172
4984,11169
4984,10648
4984,10641
4984,10578
4984,10451
4984,10415
4984,10382
4984,10376
4984,10373
4984,9429
4984,9428
4984,9426
4984,9066
4984,8955
4984,8926
4984,8925
4984,8923
4984,8921
4984,8920
4984,8912
4984,8571
4984,8561
4984,8549
4984,8547
4984,8446
4984,8429
4984,8428
4984,8421
4984,8420
4984,8415
4984,7082
4984,7026
4984,6924
4984,6911
4984,6641
4984,6044
4984,5787
4985,14535
4985,13438
4985,13430
4985,13343
4985,13236
4985,13235
4985,12670
4985,10801
4985,10744
4985,10741
4985,10726
4985,10709
4985,10691
4985,10683
4985,10601
4985,8642
4985,8638
4985,7063
4985,7000
4986,9512
4986,9511
4987,14151
4987,14121
4987,14120
4987,14118
4987,14114
4987,11506
4987,10805
4987,10802
4987,9032
4989,10841
4989,10840
4989,10839
4990,15030
4990,15025
4990,15022
4990,15021
4990,15020
4990,15019
4990,15018
4990,14339
4990,13200
4990,12664
4990,10733
4990,8493
4990,8440
4990,6737
4990,6611
4990,6479
4996,14947
4996,14766
4996,14562
4996,14327
4996,14324
4996,14323
4996,14320
4996,14319
4996,14315
4996,14314
4996,14309
4996,13143
4996,13142
4996,13135
4996,13127
4996,13042
4996,13036
4996,13011
4996,13010
4996,12946
4996,12582
4996,12579
4996,12562
4996,12560
4996,12555
4996,11242
4996,11222
4996,11130
4996,11111
4996,10854
4996,10529
4996,10528
4996,10527
4996,10526
4996,10525
4996,10524
4996,10522
4996,10520
4996,10519
4996,8820
4996,8634
4996,8632
4996,8630
4996,8628
4996,8627
4996,8625
4996,8624
4996,8621
4996,8616
4996,8614
4996,8613
4996,8612
4996,7220
4996,7104
4996,7040
4996,6193
4998,12581
4998,10444
4998,10328
4998,10125
4998,10124
4998,10024
4998,9330
4998,8861
4998,8747
4998,8587
4998,6680
4998,6543
4998,6530
4998,6154
4998,5996
4999,15017
4999,15014
4999,14917
4999,13446
4999,13377
4999,13302
4999,13202
4999,13183
4999,11229
4999,11135
5000,15016
5000,14888
5000,14880
5000,14879
5000,14876
5000,14875
5000,14872
5000,14869
5000,14868
5000,14332
5000,14330
5000,14276
5000,14275
5000,14244
5000,14243
5000,14242
5000,14241
5000,14240
5000,14228
5000,14227
5000,14184
5000,14175
5000,14174
5000,14173
5000,14172
5000,14171
5000,14163
5000,12642
5000,12630
5000,12610
5000,12607
5000,12603
5000,12561
5000,11461
5000,11100
5000,10564
5000,10478
5000,10384
5000,10371
5000,10360
5000,10346
5000,10345
5000,10179
5000,9479
5000,9061
5000,8979
5000,8534
5000,8531
5000,8527
5000,8525
5000,8523
5000,8521
5000,8470
5000,6011
5001,14992
5001,14967
5001,14442
5001,14357
5001,12815
5001,12777
5001,12647
5001,11484
5001,10764
5002,14994
5002,14973
5002,14972
5002,14456
5002,14455
5002,14453
5002,14427
5002,14426
5002,14423
5002,14422
5002,14406
5002,14399
5002,14395
5002,14394
5002,13400
5002,12730
5002,12729
5002,12668
5002,12645
5002,10852
5002,10851
5002,10850
5002,10746
5002,10745
5002,10533
5003,10843
5003,10725
5003,10668
5003,10639
5003,8888
5003,6456
5003,6153
5005,13124
5005,12780
5006,12820
5006,12819
5007,14358
5007,14257
5007,12736
5007,12735
5007,12599
5007,11487
5007,11255
5007,10847
5007,10769
5007,10763
5007,10642
5007,10637
5007,10588
5007,9275
5007,9121
5007,9094
5007,9091
5007,9052
5007,9038
5007,8682
5007,8658
5007,8650
5007,7094
5007,6925
5009,13439
5009,13410
5009,13378
5010,14376
5010,14374
5010,14373
5010,14372
5010,14371
5010,14362
5010,14361
5010,14360
5010,14355
5010,14354
5010,14353
5010,14352
5010,14351
5010,14350
5010,14349
5010,14348
5010,14347
5010,14346
5010,13365
5010,13364
5010,13335
5010,12674
5010,12646
5010,12640
5010,12639
5010,12638
5010,12637
5010,12636
5010,12635
5010,12634
5010,12633
5010,12632
5010,12622
5010,12616
5010,12609
5010,12604
5010,12598
5010,12597
5010,12594
5010,12590
5010,12580
5010,12564
5010,12557
5010,12265
5010,12261
5010,12213
5010,11502
5010,11501
5010,11496
5010,11489
5010,11467
5010,11118
5010,10835
5010,10633
5010,10613
5010,10611
5010,10610
5010,10609
5010,10606
5010,10581
5010,10557
5010,10535
5010,9370
5010,9367
5010,9365
5010,8745
5010,8717
5010,8713
5010,8643
5010,7406
5014,14407
5014,13283
5014,12728
5014,12475
5014,10667
5014,7078
5014,7002
5015,11348
5019,14525
5019,12772
5192,14968
5192,14002
5192,14000
5192,13922
5192,13900
5192,13895
5192,13722
5192,13720
5192,12069
5192,11976
5192,11878
5192,11859
5192,11857
5192,11854
5192,9640
5193,11380
5194,13062
5194,13043
5194,12925
5194,10896
5195,12588
5195,10446
5195,10442
5195,10441
5195,9371
5195,9363
5195,9362
5195,9359
5195,7445
5195,7357
5199,14763
5199,14099
5199,13998
5199,13867
5199,13855
5199,13814
5199,13757
5199,13751
5199,13710
5199,13707
5199,13643
5199,13642
5199,13589
5199,13056
5199,12173
5199,12168
5199,12052
5199,12026
5199,10002
5199,10001
5199,9996
5199,9925
5199,9872
5199,9871
5199,9834
5199,9833
5199,9790
5199,8051
5199,7784
5200,14873
5200,14778
5200,13651
5200,13633
5200,13612
5200,13591
5200,13573
5200,13533
5200,12266
5200,12140
5200,11936
5200,11935
5200,11934
5200,11933
5200,11850
5200,11849
5200,11848
5200,11847
5200,11846
5200,11830
5200,11787
5200,10288
5200,10287
5200,10286
5200,10285
5200,10178
5200,10154
5200,10152
5200,10144
5200,10141
5200,10127
5200,10093
5200,10091
5200,10089
5200,10088
5200,10086
5200,10084
5200,8823
5200,8814
5200,5939
5200,5938
5200,5936
5200,5750
5200,5747
5201,14935
5201,14641
5201,14640
5201,11251
5202,13412
5202,13404
5203,15078
5203,15039
5203,14922
5203,14784
5203,13401
5203,13346
5203,13340
5203,13339
5203,13311
5203,13300
5203,13227
5203,13222
5203,13203
5203,13181
5203,13128
5203,11405
5203,11399
5203,11375
5203,11374
5203,11330
5203,11292
5203,11280
5203,11153
5203,11150
5203,11026
5203,9238
5203,9227
5203,9226
5203,9214
5203,9209
5203,9156
5203,9116
5203,9062
5203,7259
5204,14042
5204,13989
5204,13985
5204,13983
5204,13982
5204,13979
5205,13298
5205,13224
5205,13223
5205,11579
5205,11182
5205,11132
5205,11046
5205,9342
5205,9255
5205,8977
5205,6664
5205,6631
5205,6526
5206,15061
5206,15059
5206,15050
5206,15026
5206,15023
5206,14988
5206,13336
5206,13296
5206,13276
5206,13215
5206,13205
5206,11503
5206,11449
5206,11446
5206,11433
5206,11426
5206,11412
5206,11401
5206,11370
5206,11296
5206,11054
5206,9357
5206,9356
5206,9221
5206,9218
5206,9160
5206,9118
5206,8989
5207,12450
5207,12275
5207,5616
5208,9454
5208,6819
5208,6810
5209,14278
5209,13628
5209,13609
5209,13605
5209,12500
5209,10335
5209,10076
5211,14827
5211,14636
5211,13683
5211,13678
5211,13641
5211,13640
5211,13002
5211,12969
5211,12968
5211,12965
5211,12183
5211,12139
5211,11906
5211,11905
5211,11036
5211,10230
5211,10229
5211,10226
5212,14668
5212,14642
5212,14611
5212,14600
5212,14599
5212,14597
5212,14596
5212,14595
5212,14593
5212,14592
5212,13118
5212,12954
5212,12893
5212,12892
5212,12891
5212,12890
5212,12884
5212,12881
5212,12864
5212,12863
5212,12862
5212,12860
5212,10995
5212,10962
5212,10955
5212,10938
5212,10937
5212,8801
5212,8796
5213,13281
5213,13278
5213,13249
5215,14779
5215,14743
5216,14753
5216,14751
5216,14706
5216,14643
5216,14604
5216,14602
5216,14601
5216,14591
5216,14590
5216,14001
5216,13976
5216,13975
5216,13964
5216,13950
5216,13949
5216,13527
5216,12998
5216,12997
5216,12276
5216,8197
5217,11688
5219,14916
5219,14915
5219,14901
5219,14899
5219,14893
5219,14892
5219,14891
5219,14890
5219,14877
5219,14860
5219,14859
5219,14840
5219,14839
5219,14838
5219,14837
5219,14836
5219,14817
5219,14813
5219,14811
5219,14810
5219,14807
5219,14801
5219,14797
5219,14777
5219,13252
5219,13246
5219,13242
5219,13241
5219,13228
5219,11459
5219,11068
5219,5785
5219,5523
5219,5505
5220,14283
5220,14258
5220,14255
5220,12456
5220,12449
5220,12439
5220,12149
5220,12148
5220,12144
5220,11729
5220,10612
5220,10608
5221,6333
5222,11366
5222,11232
5222,11221
5222,11176
5222,7243
5227,14829
5227,14799
5227,14798
5227,10890
5227,10883
5228,10546
5228,10536
5228,6183
5228,5649
5229,14720
5229,14681
5229,14109
5229,14013
5229,13953
5229,13937
5229,13892
5229,13890
5229,13889
5229,13887
5229,13882
5229,12438
5229,12434
5229,12133
5229,9624
5229,9600
5229,9594
5229,9593
5229,9586
5229,7669
5229,7641
5229,7563
5230,11218
5230,11124
5230,11123
5230,11037
5230,11034
5230,11030
5230,11029
5230,11028
5231,14217
5231,12531
5231,12480
5231,12479
5231,10566
5231,10565
5231,10554
5231,10516
5231,10509
5231,10508
5231,10507
5231,10481
5232,14302
5232,14301
5232,14300
5232,14282
5232,14273
5232,14272
5232,14268
5232,14262
5232,14253
5232,14252
5232,14239
5232,14210
5232,14200
5232,14198
5232,14193
5232,14144
5232,14014
5232,13860
5232,13440
5232,13162
5232,13150
5232,13086
5232,13082
5232,12654
5232,12602
5232,12576
5232,12575
5232,12574
5232,12573
5232,12470
5232,12142
5232,12132
5232,11619
5232,10540
5232,10434
5232,10427
5232,10426
5232,10363
5232,10039
5232,10038
5232,9781
5232,9321
5232,9167
5232,9090
5232,9068
5232,5792
5232,5741
5232,5737
5232,5636
5232,5615
5233,13808
5233,13806
5233,13804
5234,15005
5234,15004
5234,14993
5234,13345
5234,13316
5234,13295
5234,13253
5234,13209
5234,13208
5234,13196
5234,11567
5234,11258
5234,11149
5235,13951
5235,13888
5235,13809
5235,13807
5235,13625
5235,13603
5235,13546
5235,13545
5235,12942
5235,12076
5235,11860
5235,11858
5235,11855
5235,11823
5235,11822
5235,11786
5235,11697
5235,11696
5235,11670
5235,11669
5235,11393
5235,9982
5235,9981
5235,9978
5235,9977
5235,9975
5235,8253
5235,8234
5235,8054
5235,8044
5235,7907
5235,7892
5236,11530
5236,9049
5236,9047
5237,14982
5237,14933
5237,14930
5237,14874
5237,14826
5237,14825
5237,14815
5237,14814
5237,14772
5237,14760
5237,13070
5237,13066
5237,13065
5237,13030
5237,12972
5237,12970
5237,12945
5237,12915
5237,11511
5237,11488
5237,11333
5237,11227
5237,11133
5237,9132
5237,9033
5237,8976
5237,8945
5237,8940
5237,8873
5237,6570
5237,5943
5237,5763
5237,5691
5237,5640
5238,15037
5238,13254
5238,13164
5238,9546
5238,9396
5239,14812
5239,14750
5239,14688
5239,13613
5239,13611
5239,13569
5239,13524
5239,13523
5239,13509
5239,13505
5239,13500
5239,13491
5239,13485
5239,12143
5239,12084
5239,12079
5239,12077
5239,11889
5239,11771
5239,9808
5239,9805
5239,9804
5239,9803
5241,14863
5241,14862
5241,14832
5241,14823
5241,14806
5241,14803
5241,14802
5241,14792
5241,14791
5241,14575
5241,14359
5241,14345
5241,14341
5241,14326
5241,14322
5241,14321
5241,14318
5241,14317
5241,14313
5241,14312
5241,14311
5241,14308
5241,14306
5241,14304
5241,14271
5241,14226
5241,14105
5241,13293
5241,13159
5241,13060
5241,13054
5241,13050
5241,13047
5241,13038
5241,13014
5241,13007
5241,13004
5241,13003
5241,12859
5241,12858
5241,12857
5241,12784
5241,12779
5241,12765
5241,12764
5241,12763
5241,12762
5241,12760
5241,12755
5241,12754
5241,12753
5241,12752
5241,12751
5241,12750
5241,12746
5241,12745
5241,12744
5241,12740
5241,12737
5241,12734
5241,12733
5241,12732
5241,12726
5241,12690
5241,12687
5241,12686
5241,12665
5241,11291
5241,11257
5241,11193
5241,10812
5241,10811
5241,10807
5241,10803
5241,10790
5241,10789
5241,10783
5241,10781
5241,10775
5241,10770
5241,10765
5241,10742
5241,10678
5241,10640
5241,10624
5241,10617
5241,8770
5241,8700
5241,8657
5241,8645
5241,8599
5241,8598
5241,8596
5241,8570
5241,8568
5241,8566
5241,8565
5241,8564
5241,8563
5241,8562
5241,8557
5241,8555
5241,8553
5241,8551
5241,8550
5241,8544
5241,8542
5241,8541
5241,8539
5241,8537
5241,8536
5241,8515
5241,8504
5241,8503
5241,8502
5241,8500
5241,8496
5241,8491
5241,8477
5241,8476
5241,8468
5241,8467
5241,8461
5241,8448
5241,8447
5241,8444
5241,8442
5241,8441
5241,8422
5241,8419
5241,8416
5241,8407
5241,8406
5241,8405
5241,8403
5241,8402
5241,8401
5241,8396
5241,7187
5241,6961
5241,6908
5241,6906
5241,6905
5241,6888
5241,6838
5241,6824
5241,6823
5241,6822
5241,6816
5241,6813
5241,6807
5241,6806
5241,6805
5241,6802
5241,6788
5241,6751
5241,6732
5241,6616
5241,6466
5241,6386
5241,6382
5241,6357
5241,5845
5241,5796
5241,5727
5241,5625
5241,5623
5243,14906
5243,14903
5243,13360
5243,13320
5243,11121
5243,11053
5243,11051
5243,10907
5243,9259
5244,13386
5244,13305
5244,13304
5244,11553
5244,11551
5244,11547
5244,11527
5244,9273
5244,9270
5244,7284
5244,6477
5244,6279
5245,14666
5245,14665
5245,14646
5245,14612
5245,12899
5245,12886
5245,12869
5246,14690
5246,14689
5246,14675
5246,14671
5246,14670
5246,14663
5246,14662
5246,14651
5246,14649
5246,14635
5246,14632
5246,14631
5246,14630
5246,14629
5246,14621
5246,14620
5246,14608
5246,14598
5246,12910
5246,12898
5246,12897
5246,12895
5246,12894
5246,12889
5246,12880
5246,12879
5246,12878
5246,12877
5246,12876
5246,12872
5246,12868
5246,11021
5246,10990
5246,10989
5246,10957
5246,10946
5246,10934
5246,10929
5246,10927
5246,10925
5246,10924
5246,10921
5246,10919
5246,10917
5246,10915
5246,10911
5246,10899
5246,8960
5246,8957
5246,8956
5246,8954
5246,8914
5246,8906
5246,8880
5246,8879
5246,6460
5246,6406
5246,6376
5246,6253
5246,6247
5246,6207
5246,6192
5246,6117
5246,6019
5246,6016
5247,14990
5247,14989
5247,14987
5247,14984
5247,13273
5248,15083
5248,14752
5248,14726
5248,14721
5248,14719
5248,14718
5248,14717
5248,14716
5248,14713
5248,14712
5248,14691
5248,14191
5248,14185
5248,14170
5248,13053
5248,13052
5248,13051
5248,13046
5248,13045
5248,13044
5248,12950
5248,12577
5248,12552
5248,12537
5248,12526
5248,12330
5248,12228
5248,12209
5248,10981
5248,10980
5248,10976
5248,10974
5248,10973
5248,10972
5248,10971
5248,10970
5248,10968
5248,10652
5248,10650
5248,10456
5248,10455
5248,9059
5248,9010
5248,9008
5248,9004
5248,9003
5248,6103
5248,6101
5249,13592
5249,13543
5249,13538
5249,12297
5249,11656
5249,11655
5249,11654
5249,11653
5249,10170
5249,9986
5249,9985
5249,9878
5249,9867
5249,9837
5249,9836
5249,9835
5249,7745
5249,7694
5250,13437
5250,13429
5250,13350
5250,11114
5250,11059
5250,7329
5254,11548
5254,11422
5254,7178
5255,14585
5255,14140
5255,14135
5255,8217
5256,14094
5256,13810
5256,8205
5257,14932
5257,14904
5257,14796
5257,14762
5257,14722
5257,13074
5257,13001
5257,12988
5257,10949
5257,9030
5257,8816
5257,8809
5257,8808
5257,8806
5257,8805
5257,8804
5257,8802
5257,8800
5257,8799
5257,7009
5257,5485
5258,12911
5260,9521
5260,7313
5260,7291
5260,7072
5261,13423
5261,13363
5261,11471
5261,11439
5261,11438
5261,11435
5261,11360
5261,11318
5261,11317
5261,11052
5262,15079
5262,15076
5262,14782
5262,13419
5262,13294
5262,13285
5262,13156
5262,13154
5262,11414
5262,11378
5262,11203
5262,9076
5262,9075
5264,14938
5264,13297
5264,13226
5264,13190
5264,13166
5265,13388
5265,13358
5265,11331
5265,9390
5266,14786
5266,14769
5266,14768
5266,13239
5266,11411
5266,11398
5266,11388
5266,7038
5266,6936
5268,15082
5268,15081
5268,15080
5268,13382
5268,13380
5269,13387
5269,13146
5269,13139
5269,13105
5269,13077
5269,12987
5269,12981
5269,12980
5269,12979
5269,12956
5269,12949
5269,11621
5269,11555
5269,11394
5269,11391
5269,11384
5269,11368
5269,11277
5269,11267
5269,11102
5269,11078
5269,11062
5269,11060
5269,11058
5269,11055
5269,11048
5269,11022
5269,11020
5269,11006
5269,10998
5269,10993
5269,9013
5269,8959
5269,8916
5269,8913
5269,8910
5269,7332
5269,7266
5269,7010
5269,6745
5269,6478
5269,6459
5269,5965
5269,5912
5269,5904
5269,5846
5269,5842
5272,15015
5272,14913
5272,14911
5272,14910
5272,14816
5272,13068
5272,9105
5272,9102
5272,9097
5272,9096
5272,5913
5272,5667
5272,5664
5276,14902
5276,13292
5276,13229
5276,13216
5276,11410
5276,11397
5276,11396
5276,11268
5276,11235
5276,11231
5276,11224
5276,9114
5276,9015
5277,13443
5277,13169
5277,13133
5277,13064
5277,11413
5277,11342
5277,11237
5277,11092
5277,11083
5277,11008
5277,9382
5278,15000
5278,14970
5278,14650
5278,12896
5278,12874
5279,13498
5279,13478
5279,13477
5279,13476
5279,13475
5279,13474
5279,13473
5279,13471
5279,13470
5279,13469
5279,12882
5279,12870
5279,11700
5279,11699
5279,10951
5279,9623
5279,9622
5279,9617
5279,9614
5279,9608
5279,9607
5279,8832
5279,7623
5279,7622
5279,7616
5282,11903
5282,10061
5284,15054
5284,15052
5284,15051
5284,15047
5284,15045
5284,15044
5284,15043
5284,15042
5284,15038
5284,15028
5284,14948
5284,14864
5284,14828
5284,14757
5284,14725
5284,13347
5284,13244
5284,13240
5284,10901
5284,10894
5284,6519
5284,5462
5285,14770
5285,14634
5285,13391
5285,13308
5285,13232
5285,13114
5285,13103
5285,13013
5285,11146
5285,8864
5285,8853
5285,6077
5288,15027
5288,11539
5288,11526
5288,11481
5288,11477
5288,11409
5288,11395
5288,11372
5288,9168
5288,9065
5290,13620
5290,13618
5290,13617
5290,12098
5290,12096
5290,9779
5290,9776
5290,9759
5293,14946
5293,14923
5293,13537
5293,13529
5293,13525
5293,13521
5293,13507
5293,13506
5293,13499
5293,11731
5293,11674
5293,11673
5293,11645
5293,11642
5293,11071
5293,9801
5293,9799
5293,9798
5293,9794
5293,9793
5293,9792
5293,9789
5293,9691
5293,9627
5293,8162
5293,7750
5293,7735
5293,7600
5294,14136
5294,14117
5294,13120
5294,12138
5294,12137
5294,10386
5294,10113
5294,8839
5294,8817
5294,6655
5294,6552
5294,5601
5295,7706
5295,7704
5295,7702
5295,5882
5295,5799
5296,14730
5296,14728
5296,14727
5296,14687
5296,14686
5296,14684
5296,14683
5296,14682
5296,14680
5296,14674
5296,14673
5296,13171
5296,13027
5296,12996
5296,12995
5296,12994
5296,12993
5296,12992
5296,12989
5296,11564
5296,11550
5296,11436
5296,11392
5296,11184
5296,10912
5298,15032
5298,13431
5298,13422
5298,13409
5298,13402
5298,13157
5298,11181
5298,9385
5299,13269
5299,13245
5299,13217
5299,11452
5299,11077
5299,11024
5299,9242
5299,8935
5299,8932
5299,8931
5299,8878
5300,15013
5300,15012
5300,15011
5300,15010
5300,15009
5300,15008
5300,15007
5300,15006
5300,14962
5300,14961
5300,14960
5300,13454
5300,13399
5300,13282
5300,13268
5300,13264
5300,13263
5300,13262
5300,13261
5300,11178
5300,11145
5300,11144
5300,11143
5300,11142
5300,11140
5300,11138
5300,9307
5300,9136
5300,8841
5300,8837
5300,8836
5300,8834
5300,5712
5300,5653
5300,5573
5300,5569
5300,5526
5300,5519
5301,13962
5301,13961
5301,13958
5301,13956
5301,13955
5301,13946
5301,13945
5301,13944
5301,13943
5301,13941
5301,13940
5301,13939
5301,13938
5301,13936
5301,12296
5301,12293
5301,12292
5301,10192
5301,10189
5301,7715
5301,7714
5301,7709
5301,7708
5301,7649
5301,7629
5301,7608
5301,7607
5302,14260
5302,14223
5302,14222
5303,13963
5303,13934
5303,13828
5303,13670
5303,13575
5303,11876
5303,9765
5303,9760
5303,9714
5304,13160
5304,13012
5304,12971
5304,12955
5304,12875
5304,11212
5304,11093
5304,10967
5304,10963
5304,10936
5304,9063
5304,9024
5304,7512
5304,5587
5304,5487
5305,14164
5305,14132
5305,14124
5305,14123
5305,13699
5305,13681
5305,13680
5305,13306
5305,12482
5305,12203
5305,12114
5305,11615
5305,11595
5305,9924
5305,8117
5306,14299
5306,14298
5306,14297
5306,14296
5306,14295
5306,14294
5306,14292
5306,14290
5306,14289
5306,14288
5306,14281
5306,14280
5306,14279
5306,13434
5306,13432
5306,13418
5306,13334
5306,13180
5306,13179
5306,13178
5306,13177
5306,11576
5306,11549
5306,11514
5306,11508
5306,11418
5306,11382
5306,11377
5306,9325
5306,9324
5306,9323
5306,9322
5307,14950
5307,13977
5307,13664
5307,11977
5307,11756
5307,11752
5307,9707
5307,9083
5307,7876
5307,7875
5307,7874
5307,7860
5308,14905
5308,13561
5308,13560
5308,13559
5308,13558
5308,13557
5308,13556
5308,13555
5308,13554
5308,13553
5308,13552
5308,13551
5308,13550
5308,13549
5308,13548
5308,11841
5308,11840
5308,11839
5308,11837
5308,11816
5308,11815
5308,11814
5308,11812
5308,11811
5308,11810
5308,11644
5308,11643
5308,9713
5308,9712
5308,9682
5308,9666
5308,9655
5308,9652
5308,9651
5308,9043
5308,7732
5308,7729
5308,7723
5309,9283
5310,10515
5310,10514
5310,9144
5310,9143
5310,9142
5310,9141
5310,9140
5310,9139
5310,9138
5310,6783
5310,6779
5310,6774
5310,6772
5310,6771
5310,6769
5310,6767
5310,6766
5524,14005
5524,13846
5524,13824
5524,13823
5524,13822
5524,13821
5524,13736
5524,13698
5524,13697
5524,13696
5524,13695
5524,13694
5524,13693
5524,13692
5524,13691
5524,13690
5524,13689
5524,13688
5524,13687
5524,13686
5524,13685
5524,13600
5524,13237
5524,13201
5524,13123
5524,11940
5524,11894
5524,11798
5524,11796
5524,11795
5524,11793
5524,10982
5524,9681
5524,9673
5524,9672
5524,9670
5524,9669
5524,7956
5524,7955
5524,7953
5524,7920
5610,5661
5719,6209
5830,14918
5830,13390
5830,13371
5830,13370
5830,13369
5830,12959
5830,11628
5830,11562
5830,11416
5830,11201
5830,9232
5879,15086
5879,15085
5879,15084
5879,14958
5879,14957
5879,14790
5879,14789
5879,14775
5879,14625
5879,14624
5879,14623
5879,14622
5879,14619
5879,14617
5879,14616
5879,14607
5879,13037
5879,12999
5879,10952
5900,15024
5900,14882
5900,14881
5900,14800
5900,14795
5920,13213
5920,13206
5920,12953
5920,11209
5932,14767
5932,14740
5932,14739
5932,14738
5932,14737
5932,14736
5932,14735
5932,14734
5932,14733
5932,13085
5932,12906
5932,12904
5932,12903
5932,12902
5932,12901
5932,11039
5932,11019
5932,11018
5932,11017
5932,8975
6024,14975
6024,14758
6024,14119
6024,14115
6024,13981
6024,13980
6024,13728
6024,13018
6024,12900
6024,12883
6024,12873
6024,12101
6024,11881
6024,11790
6024,11720
6024,11719
6024,11694
6024,11650
6024,11649
6024,10954
6024,10935
6024,9602
6024,9597
6024,9595
6024,9579
6024,9577
6024,9575
6024,9574
6024,8934
6024,8927
6024,8870
6024,8330
6024,8282
6024,8260
6024,6814
6024,6593
6055,14785
6055,14711
6055,14710
6055,14652
6055,14648
6055,14647
6055,14645
6055,14644
6055,13125
6055,11170
6055,11012
6055,9245
6055,9029
6055,9028
6055,9025
6055,8972
6055,6246
6074,14900
6074,14754
6074,14749
6074,14748
6074,14747
6074,14746
6074,14218
6074,14183
6074,14180
6074,14179
6074,14129
6074,14126
6074,14125
6074,14100
6074,14091
6074,14048
6074,13960
6074,13816
6074,13813
6074,13805
6074,13803
6074,13793
6074,13792
6074,13747
6074,13729
6074,13682
6074,12982
6074,12951
6074,12948
6074,12947
6074,12934
6074,12932
6074,12930
6074,12507
6074,12506
6074,12505
6074,12504
6074,12286
6074,12285
6074,12248
6074,12199
6074,10904
6074,10247
6074,10246
6074,10245
6074,10244
6074,10242
6074,10241
6074,10240
6074,10238
6074,10237
6074,10236
6074,10235
6074,10234
6074,10201
6074,10150
6074,10137
6074,10078
6074,10077
6074,8885
6074,8819
6074,8438
6074,8434
6074,8423
6074,8418
6074,8413
6074,8412
6074,8410
6074,8409
6074,8408
6074,8404
6074,6860
6074,6840
6074,6345
6074,6344
6074,6315
6074,6313
6074,6312
6074,6311
6074,6310
6074,6168
6074,6162
6155,13265
6155,13112
6342,14741
6342,14715
6342,14606
6342,14605
6342,13590
6342,13502
6342,13501
6342,13484
6342,13483
6342,13482
6342,13467
6342,13466
6342,13465
6342,13464
6566,14921
6566,14409
6566,14405
6566,14400
6566,14380
6566,14340
6566,14337
6566,14336
6566,14231
6566,14199
6566,14166
6566,14162
6566,14142
6566,13748
6643,14955
6643,14613
6643,14432
6643,14429
6643,14390
6643,13290
6643,12821
6643,12817
6643,12756
6643,12715
6643,12608
6643,10366
6643,8721
6643,8707
6643,8602
6694,8511
6845,15034
6845,15031
6845,14995
6845,14937
6845,14579
6845,14533
6845,14532
6845,14515
6845,14514
6845,14480
6845,14479
6845,14473
6845,14472
6845,14471
6845,14458
6845,14449
6845,14439
6845,14411
6845,13349
6845,13061
6845,12549
6845,12532
6845,12106
6845,10959
6845,10958
6845,10797
6845,10758
6845,10757
6845,10756
6845,10755
6845,10754
6845,10753
6845,10752
6845,10751
6845,10750
6845,10749
6845,10748
6845,10747
6845,10592
6845,10571
6845,9527
6845,9524
6845,9435
6845,9434
6845,9433
6845,9432
6845,8667
6845,8610
6845,8460
6845,7056
6845,6932
6845,6928
6849,12264
6849,12172
6849,10198
6849,10134
6849,10132
6849,10130
6849,10121
6849,10119
6929,13532
6929,13526
6929,13512
6929,13511
6929,13510
6929,13508
6929,11804
6929,11704
6929,11703
6929,11698
6929,11675
6929,11665
6929,11658
6929,11187
6929,11075
6929,9769
6929,9767
6929,9757
6929,9753
6929,9628
6929,8028
6929,7984
6929,7982
6929,7176
6929,6962
6941,11517
6941,9272
6941,7292
6941,7172
6941,7161
7015,14661
7015,13581
7015,13204
7015,12205
7015,12157
7015,11969
7015,10149
7133,11507
7133,9204
7133,9196
7194,12770
7194,12769
7194,8744
7204,11056
7501,13247
7501,13234
7501,13221
7501,13218
7501,13176
7501,11249
7513,13800
7513,13799
7513,13798
7513,13795
7513,12315
7513,12314
7514,14076
7514,14075
7514,14074
7514,14072
7514,14071
7514,14068
7514,13760
7517,13886
7517,12170
7518,14033
7518,14009
7518,13909
7518,13907
7518,13906
7518,13884
7518,13877
7520,12313
7520,10314
7520,10312
7532,12458
7534,13896
7534,13684
7534,13542
7534,13541
7534,11672
7535,13844
7535,13843
7535,13842
7535,13841
7535,13791
7535,13764
7535,13763
7535,13762
7535,13761
7535,12153
7535,12008
7535,12003
7535,11992
7535,11991
7535,11990
7535,11989
7535,11986
7538,14584
7538,14583
7538,14582
7538,14581
7547,13057
7547,11758
7547,10020
7547,10017
7549,11886
7554,13659
7554,13657
7554,13656
7554,13652
7554,13645
7554,11681
7554,11651
7554,11639
7554,9734
7554,9733
7554,9730
7554,9728
7554,9720
7555,13910
7555,13908
7555,13730
7559,14141
7559,14092
7559,14081
7559,14080
7559,14078
7559,14077
7559,13992
7559,13870
7559,13750
7559,12469
7559,12457
7559,12405
7560,13582
7560,13572
7560,13571
7560,13570
7560,13568
7560,13567
7560,13566
7560,13565
7560,13564
7560,13563
7560,13562
7560,11782
7560,11778
7560,11777
7560,11776
7560,11774
7561,13669
7561,13668
7561,13667
7561,13666
7561,13654
7561,11679
7561,10225
7561,10153
7562,14011
7563,13644
7563,13535
7563,13520
7563,13519
7563,13518
7563,13517
7563,13516
7563,13515
7563,11927
7563,11926
7563,11925
7564,13924
7564,13866
7564,13815
7564,13756
7564,13754
7564,13752
7564,13744
7564,13725
7564,13723
7564,13718
7564,13716
7564,13712
7564,13711
7564,13705
7564,13703
7564,13701
7564,13677
7564,13661
7564,13629
7564,12051
7566,14022
7566,14021
7566,14020
7566,14004
7566,14003
7566,13974
7566,13971
7566,13935
7566,13931
7566,13930
7566,13721
7566,13719
7566,12274
7566,12179
7567,13801
7567,12216
7567,12162
7569,14742
7569,13978
7569,13883
7569,12253
7569,12212
7569,12164
7569,10095
7569,10054
7570,13885
7570,12447
7570,11879
7575,13966
7575,13852
7575,13847
7575,13845
7575,13835
7575,10322
7575,10265
7576,11937
7576,11932
7576,11920
7576,11916
7576,11914
7576,11913
7576,9727
7576,9718
7576,9701
7576,9696
7576,9693
7577,14063
7577,14062
7577,14061
7577,14060
7577,14059
7577,14058
7577,14057
7577,14056
7577,14055
7577,14017
7577,13859
7577,13858
7578,13809
7578,13625
7578,12942
7578,12076
7578,11696
7578,11669
7578,9978
7578,9977
7578,9975
7583,14574
7583,14573
7583,14572
7583,14571
7583,14570
7584,13613
7584,13509
7584,13500
7584,13491
7584,13481
7584,13480
7584,13479
7585,14037
7585,12105
7587,13995
7587,13994
7587,13926
7587,13925
7592,14633
7592,14159
7592,13991
7592,13990
7592,13984
7592,13923
7592,13743
7592,13742
7592,13739
7592,12210
7592,12038
7592,11770
7592,11727
7592,11678
7592,10291
7592,10213
7592,10142
7593,11707
7593,11706
7593,11705
7593,9888
7594,10321
7594,10309
7594,10308
7594,10307
7594,10306
7594,10210
7594,10209
7596,13919
7596,13918
7596,13917
7596,13916
7596,13915
7596,13849
7596,13840
7596,12217
7596,12171
7596,11737
7596,11736
7596,11692
7596,11691
7596,11690
7596,9756
7596,9755
7596,9754
7596,8890
7596,7833
7596,7806
7597,14122
7597,14111
7597,14032
7597,14031
7597,14028
7597,14027
7597,14026
7597,14024
7597,14023
7597,13621
7602,14568
7602,14567
7602,14566
7602,14565
7604,13827
7604,12312
7604,12290
7604,12288
7604,12287
7605,13811
7606,15035
7606,13436
7606,11573
7606,11305
7606,11302
7606,11057
7606,11000
7607,13920
7607,12441
7607,12418
7607,12412
7607,8375
7607,8353
7607,8352
7608,13970
7608,13969
7608,13968
7608,13967
7608,12430
7615,13820
7615,13819
7615,13818
7615,13817
7615,12194
7615,12155
7623,14040
7623,14039
7623,14038
7623,14036
7629,13753
7629,13660
7631,14637
7631,14030
7631,14019
7631,14018
7631,14015
7631,14012
7631,14010
7631,14008
7631,14007
7631,14006
7631,13933
7631,13929
7631,13928
7631,13894
7631,13893
7631,13095
7631,13093
7631,12323
7631,12224
7631,12222
7631,12100
7631,11965
7631,11189
7631,10155
7631,8379
7633,14168
7633,13863
7633,13862
7633,12095
7633,12094
7633,12092
7633,12091
7633,12090
7633,12086
7633,12083
7633,10118
7633,7937
7633,7658
7633,7657
7643,14128
7643,14104
7643,14101
7643,13996
7643,13954
7643,13676
7643,13624
7644,14659
7644,14657
7644,14618
7644,14070
7644,14069
7644,13225
7644,12978
7644,10204
7646,13826
7646,13797
7646,13794
7646,13758
7647,13496
7647,13493
7647,13492
7647,13490
7647,12254
7647,11973
7647,11971
7647,11970
7647,9962
7647,9960
7647,9930
7647,9929
7647,9928
7648,11941
7648,11805
7648,11788
7648,11773
7648,11677
7648,11676
7648,9817
7648,9816
7648,9815
7648,8130
7651,13829
7651,13802
7651,13741
7651,13740
7651,12104
7651,12042
7651,12039
7651,12036
7651,12035
7651,12034
7653,14530
7655,8080
7655,6428
7655,6150
7656,13881
7656,11819
7657,10218
7658,13674
7658,10047
7658,10044
7661,14744
7661,14714
7661,14639
7661,14638
7661,14594
7661,14589
7661,14588
7661,14587
7661,13514
7661,13513
7661,13072
7661,11893
7661,9571
7661,9570
7662,13999
7662,13861
7662,13662
7662,11835
7662,11831
7662,11735
7662,11734
7662,11712
7667,13880
7667,13879
7667,13878
7667,13874
7667,13873
7667,13872
7668,14091
7668,14048
7668,13729
7668,13682
7668,8404
7670,10160
7670,9646
7670,9645
7670,9644
7670,9643
7670,9642
7670,9641
7670,9639
7670,9626
7670,9625
7670,8382
7672,14954
7672,14953
7672,14804
7672,14384
7672,14378
7672,14370
7672,14369
7672,14368
7672,14365
7672,14234
7672,14233
7672,14229
7672,13299
7672,13188
7672,12648
7672,12644
7672,12643
7672,12624
7672,12614
7672,12591
7672,12583
7672,11211
7672,11207
7672,11197
7672,11179
7672,11125
7672,10632
7681,12812
7681,10673
7681,10646
7683,14512
7683,14510
7683,14508
7683,14507
7683,14506
7683,14505
7683,14503
7683,14501
7683,14476
7683,14474
7683,14468
7683,14467
7683,14466
7683,14465
7683,14464
7683,14463
7683,14462
7683,14461
7683,14460
7683,14459
7683,14450
7683,14446
7683,14420
7683,14419
7683,14418
7683,14416
7683,14415
7683,14414
7683,14413
7683,12839
7683,12811
7683,12789
7683,12781
7683,10798
7683,10785
7683,10776
7683,9233
7683,9166
7683,9108
7683,9086
7683,8741
7683,8733
7683,8719
7683,8704
7683,8703
7683,8699
7683,8698
7683,8696
7683,8688
7683,7073
7683,7067
7683,7065
7683,7054
7683,7053
7683,7052
7691,13875
7691,13468
7692,14723
7692,14486
7692,14408
7692,14403
7692,14396
7692,14385
7692,14383
7692,14382
7692,14381
7692,12846
7692,12845
7692,12843
7692,10836
7692,10834
7694,11381
7698,14578
7698,14531
7698,14528
7698,14493
7698,14490
7698,13170
7698,12848
7699,12652
7699,12651
7699,12650
7767,14518
7767,14517
7767,14516
7767,14513
7767,14496
7768,12919
7768,12917
7768,12916
7770,14867
7770,14866
7770,14865
7770,14745
7770,14679
7770,14669
7770,14667
7770,14610
7770,13387
7770,13146
7770,13139
7770,13105
7770,13077
7770,12987
7770,12981
7770,12980
7770,12979
7770,12956
7770,12949
7770,11621
7770,11555
7770,11394
7770,11391
7770,11384
7770,11368
7770,11277
7770,11267
7770,11102
7770,11078
7770,11062
7770,11060
7770,11058
7770,11055
7770,11048
7770,11022
7770,11020
7770,11006
7770,10998
7770,10993
7770,9013
7770,8959
7770,8916
7770,8913
7770,8910
7770,7352
7770,7332
7770,7266
7770,7212
7770,6745
7770,6459
7770,6053
7771,14216
7771,14215
7771,14214
7771,14213
7771,14212
7771,14211
7771,14155
7771,13313
7771,13113
7771,12497
7771,12495
7771,12493
7771,12491
7771,12490
7771,12489
7771,12488
7771,12487
7771,12486
7771,11599
7772,14991
7772,14980
7772,14977
7772,14969
7772,14509
7772,14504
7772,13406
7772,13332
7772,12831
7772,12830
7772,12828
7772,11600
7772,10825
7772,10824
7772,9309
7773,15003
7773,15002
7773,15001
7773,14999
7773,14998
7773,14997
7773,14996
7773,14936
7773,14919
7773,14805
7773,13116
7773,13106
7773,13101
7773,13019
7773,11105
7773,11099
7773,11091
7773,11090
7773,10948
7773,9189
7774,14914
7774,14909
7774,14908
7774,14907
7774,13259
7774,13257
7774,13195
7774,13194
7774,13192
7774,13191
7774,9277
7774,9276
7774,9269
7775,9528
7775,6762
7775,6711
7775,6475
7779,11456
7782,9424
7782,9423
7782,9422
7783,9427
7800,9441
7874,14087
7874,14086
7874,14085
7874,14084
7874,14047
7874,13957
7874,13727
7874,13397
7874,12178
7874,12175
7874,12159
7874,12158
7874,10338
7879,13615
7879,13608
7879,13607
7879,13599
7879,13597
7879,13596
7879,13595
7879,13594
7879,13584
7879,13583
7879,12453
7879,12445
7879,12234
7879,12220
7879,12219
7879,12218
7879,12201
7879,12200
7879,12196
7879,12187
7879,12186
7879,10166
7883,13587
7883,13586
7883,13585
7883,11861
7885,14731
7885,13637
7885,13636
7885,13635
7885,13610
7885,12182
7885,12024
7887,14978
7887,14761
7887,14034
7887,13850
7887,13462
7887,13461
7887,12419
7887,11921
7887,10352
7887,9149
7887,8332
7887,8150
7892,9513
7892,9489
7892,9488
7892,9487
7892,9466
7892,9465
7892,9464
7892,9463
7892,9462
7892,9461
7892,9460
7892,9459
7892,9458
7892,9454
7892,9425
7893,9513
7893,9489
7893,9488
7893,9487
7893,9466
7893,9465
7893,9464
7893,9463
7893,9462
7893,9461
7893,9460
7893,9459
7893,9458
7893,9425
7894,9515
7894,9513
7895,9612
7895,9518
7895,9517
7895,9516
7895,9407
7895,9406
7895,9405
7896,9404
7897,9450
7897,9449
7897,9448
7897,9447
7897,9394
7898,9450
7898,9449
7898,9448
7898,9447
7898,9437
7898,9394
7899,9472
7900,9441
7901,9469
7902,9504
7903,9481
7904,9468
7904,9467
7905,9439
7906,9527
7907,9435
7907,9434
7907,9433
7907,9432
7908,9452
7909,9418
7910,13317
7910,11328
7910,11327
7910,11230
7910,9564
7910,9563
7910,9562
7910,9559
7911,9542
7912,9540
7913,9557
7914,9541
7915,9556
7915,9555
7915,9533
7915,9532
7916,9530
7916,9489
7916,9488
7916,9487
7917,9558
7918,9528
7919,9522
7920,9395
7921,9501
7921,9500
7921,9499
7921,9498
7921,9497
7921,9496
7921,9495
7921,9494
7921,9493
7922,9524
7923,9444
7923,9443
7923,9442
7924,9455
7927,9453
7928,9470
7929,9402
7929,9401
7929,9400
7929,9399
7929,9398
7929,9397
7930,9486
7930,9485
7931,9505
7932,9454
7933,9438
7934,9473
7935,9445
7936,9451
7938,9417
7938,9416
7938,9415
7938,9414
7938,9413
7938,9412
7938,9411
7939,9610
7939,9609
7939,9408
7940,9514
7941,9508
7941,9507
7942,9503
7943,9446
7944,9537
7944,9421
7947,9479
7948,9506
7949,9403
7949,9396
7950,9431
7951,9409
7952,9430
7954,9407
7954,9406
7954,9405
7955,9436
7956,9440
7957,9478
7957,9477
7957,9476
7957,9475
7957,9474
7959,9611
7959,9512
7959,9511
7960,9520
7960,9519
7961,9420
7961,9419
7963,9510
7963,9509
7964,9521
7966,9523
7967,9429
7967,9428
7968,9426
7970,14130
7970,13737
7970,12538
7970,12483
7970,12202
7970,10450
7970,10380
7970,10379
7970,10378
7970,10377
7970,10372
7970,10365
7970,10300
7970,10299
7970,10174
7970,9570
7970,9424
7970,9423
7970,9422
7971,14976
7971,14404
7971,14154
7971,14153
7971,14152
7971,14150
7971,14149
7971,14148
7971,14147
7971,13353
7971,13324
7971,13309
7971,13214
7971,13024
7971,12804
7971,12803
7971,12802
7971,12801
7971,12800
7971,12799
7971,12798
7971,12797
7971,12796
7971,12795
7971,12794
7971,12793
7971,12792
7971,12724
7971,12723
7971,12694
7971,12677
7971,12595
7971,12565
7971,12542
7971,12541
7971,12540
7971,12498
7971,12474
7971,11618
7971,11616
7971,11613
7971,10521
7971,10449
7971,10404
7971,10402
7971,8485
7971,8481
7972,9613
7973,9616
7974,14209
7974,13947
7974,12596
7974,12572
7974,12571
7974,12570
7974,12569
7974,12568
7974,10476
7974,10475
7974,10474
7974,10473
7974,10472
7974,10471
7974,10470
7974,10469
7974,10467
7974,10466
7974,10465
7974,10464
7974,10463
7974,10462
7974,10461
7974,10460
7974,10459
7974,10458
7975,14251
7975,14237
7975,14145
7975,13375
7975,12544
7975,12502
7975,12499
7975,12318
7975,12317
7975,10552
7975,10551
7975,10534
7975,10501
7975,10496
7975,10495
7975,10493
7975,10492
7975,10491
7975,10488
7976,14277
7976,12589
7977,10369
7977,10368
7977,10367
7977,10347
7978,14221
7978,14220
7978,12563
7978,10677
7978,10512
7978,10511
7978,10505
7978,10504
7978,10503
7978,10502
7978,10500
7978,10497
7981,14534
7981,14457
7981,14454
7981,14325
7981,14143
7981,12618
7981,12535
7981,10687
7981,10684
7981,10676
7981,10674
7981,10627
7981,10487
7981,10486
7981,9243
7981,9107
7981,8943
7981,8924
7981,8865
7981,8690
7981,8653
7981,8611
7981,8606
7981,8600
7981,8593
7981,8556
7981,8517
7981,8516
7981,8509
7981,8508
7981,8505
7981,8489
7981,8482
7981,8478
7981,7036
7981,6706
7981,6705
7981,6348
7981,6318
7981,6219
7981,6210
7981,6164
7981,6163
7982,13574
7982,13547
7982,10151
7985,10341
7985,10340
7985,10339
7986,12260
7986,10268
7986,8111
7987,9538
7988,14249
7988,14248
7988,14247
7988,14246
7988,12554
7988,11294
7988,10499
7988,10498
7988,9213
7988,9212
7988,9211
7988,9210
7989,14090
7989,12553
7989,11922
7989,11829
7989,11828
7989,11827
7990,10545
7990,10542
7990,10541
7991,14520
7991,12837
7991,12823
7991,12816
7991,6385
7992,14527
7992,14526
7992,14497
7992,14494
7992,14492
7992,14489
7992,14488
7992,12854
7992,12849
7992,12842
7992,12841
7992,12840
7992,12826
7992,12825
7992,12824
7992,11469
7992,11303
7992,11301
7992,10761
7992,10760
7992,10716
7992,10715
7992,10714
7992,10712
7993,14393
7993,14392
7993,14391
7993,14388
7993,14387
7993,14386
7993,12835
7993,12834
7993,12833
7993,10841
7993,10840
7994,10833
7996,14966
7996,14952
7996,14951
7996,14887
7996,14685
7996,14609
7996,13307
7996,13210
7996,11344
7996,8783
7997,10922
7999,12485
7999,11975
7999,11869
7999,11868
7999,10047
7999,10046
7999,10045
7999,10044
7999,10043
8000,11259
8000,11226
8000,11180
8000,11139
8000,10994
8002,13211
8002,9344
8003,11599
8003,11497
8003,10515
8003,10514
8003,9144
8003,9142
8003,9141
8003,9140
8003,9139
8003,9138
8003,7189
8003,6782
8003,6779
8003,6778
8003,6773
8003,6769
8003,6767
8003,6766
8004,13163
8004,11314
8005,11604
8006,13173
8006,13172
8006,12417
8006,12413
8006,12273
8006,12270
8006,10212
8007,14787
8007,13136
8007,11512
8007,11289
8007,9283
8007,6004
8008,13623
8008,13622
8008,13606
8008,13598
8008,13593
8008,13588
8008,13540
8008,13539
8008,12960
8008,12232
8008,12169
8008,12126
8008,12054
8008,11853
8008,11852
8008,11772
8008,11742
8008,11733
8008,11687
8008,11668
8008,11648
8008,11228
8008,11131
8008,9955
8008,9954
8008,9952
8008,9950
8008,9919
8008,9784
8008,9133
8008,7727
8008,7717
8008,7701
8008,7680
8008,7679
8008,7639
8008,7546
8010,12589
8010,10490
8011,10175
8011,9230
8011,6146
8012,13504
8012,13503
8034,13952
8035,13942
8035,13914
8035,13913
8035,13905
8035,13904
8035,13903
8035,13902
8035,13901
8035,13899
8035,13898
8035,13897
8035,12283
8035,12281
8035,12278
8036,14083
8036,12250
8038,12322
8038,12321
8039,14655
8039,14654
8039,14653
8039,13122
8039,13104
8040,14939
8040,12924
8040,11529
8040,11208
8040,9039
8040,5789
8042,15075
8042,15073
8042,15048
8042,13286
8043,14759
8043,14755
8043,13099
8043,13098
8043,13097
8043,13087
8044,13267
8044,13175
8045,13330
8045,10700
8045,10699
8045,10692
8045,10630
8045,10614
8046,13327
8047,13323
8048,12588
8048,12587
8048,10446
8048,10442
8048,10441
8048,9548
8048,9537
8048,9421
8048,9371
8048,9363
8048,9362
8048,9361
8048,9360
8048,9359
8048,7445
8048,7357
8048,7354
8049,13965
8049,13672
8049,13671
8049,13531
8049,13504
8049,13503
8049,12019
8057,14561
8057,14560
8057,14559
8057,14558
8057,14481
8062,13639
8065,14557
8065,14550
8065,14549
8065,14548
8065,14543
8078,14167
8078,14158
8078,13857
8078,13851
8078,13834
8078,13833
8078,13832
8078,13831
8078,13830
8091,14556
8091,14555
8091,14553
8091,14552
8091,14551
8092,14564
8092,14563
8095,14112
8095,13856
8095,13488
8095,13487
8095,13486
8095,13472
8095,12466
8095,12461
8095,12460
8095,12459
8096,14088
8096,14064
8096,14054
8096,14052
8096,14050
8096,14029
8096,14025
8097,13522
8097,11646
8097,11633
8097,10023
8097,9637
8097,9636
8100,14470
8100,14402
8100,14236
8100,14186
8100,14178
8100,14176
8100,14082
8101,14519
8101,14478
8101,14477
8101,14451
8101,14425
8101,14417
8101,14410
8102,13735
8102,13734
8102,13733
8102,13732
8102,13649
8102,13648
8102,13634
8103,14500
8103,14443
8104,15033
8104,15029
8104,14046
8104,14045
8104,14044
8104,14043
8105,14053
8106,14051
8106,14049
8108,14138
8108,14137
8108,14110
8108,14108
8108,14107
8108,14106
8109,14095
8110,12270
8111,14428
8112,14448
8112,14441
8113,14547
8113,14546
8113,14545
8113,14544
8113,14542
8113,14541
8113,14540
8113,14539
8113,14538
8113,14537
8118,14943
8118,14889
8118,14709
8118,14708
8118,14707
8118,14705
8118,14704
8118,14703
8118,14702
8118,14701
8118,14698
8118,14692
8118,13420
8118,13417
8118,13389
8118,13141
8118,13140
8118,11491
8118,11490
8120,13281
8120,13249
8121,14087
8121,14086
8121,14085
8121,14084
8121,14047
8121,13957
8121,13727
8121,13398
8121,13397
8121,13396
8121,12178
8121,12175
8121,12160
8121,12159
8121,12158
8121,11486
8121,11325
8121,10390
8121,10338
8121,7759
8122,15057
8122,15056
8122,15055
8124,15057
8124,15056
8124,15055
8125,15072
8125,15071
8125,15070
8125,15069
8125,15068
8125,15067
8125,15066
8125,15065
8125,15064
8125,15063
8125,15062
8126,13315
8126,13310
8126,13255
8126,13248
8126,13247
8126,13234
8126,13233
8126,13221
8126,13218
8126,13176
8126,11249
8815,2512
